,Species,AA,Freq
0,Cryptopygus_terranovus,A,5.656785422899103
1,Cryptopygus_terranovus,C,1.0062550992657058
2,Cryptopygus_terranovus,D,1.8765297797117215
3,Cryptopygus_terranovus,E,2.1484906173511016
4,Cryptopygus_terranovus,F,9.62741365243405
5,Cryptopygus_terranovus,G,6.091922763122111
6,Cryptopygus_terranovus,H,1.9037258634756595
7,Cryptopygus_terranovus,I,9.980962741365243
8,Cryptopygus_terranovus,K,2.5292357900462337
9,Cryptopygus_terranovus,L,9.518629317378299
10,Cryptopygus_terranovus,M,6.200707098177862
11,Cryptopygus_terranovus,N,4.351373402230079
12,Cryptopygus_terranovus,P,3.5898830568398146
13,Cryptopygus_terranovus,Q,1.8765297797117215
14,Cryptopygus_terranovus,R,3.725863475659505
15,Cryptopygus_terranovus,S,7.288550448735383
16,Cryptopygus_terranovus,T,10.252923579004623
17,Cryptopygus_terranovus,V,5.629589339135165
18,Cryptopygus_terranovus,W,2.5564318738101712
19,Cryptopygus_terranovus,Y,4.18819689964645
20,Cryptopygus_antarcticus,A,5.508819538670285
21,Cryptopygus_antarcticus,C,0.8683853459972863
22,Cryptopygus_antarcticus,D,1.791044776119403
23,Cryptopygus_antarcticus,E,2.1709633649932156
24,Cryptopygus_antarcticus,F,9.579375848032564
25,Cryptopygus_antarcticus,G,6.241519674355495
26,Cryptopygus_antarcticus,H,1.8995929443690638
27,Cryptopygus_antarcticus,I,8.900949796472185
28,Cryptopygus_antarcticus,K,2.632293080054274
29,Cryptopygus_antarcticus,L,8.87381275440977
30,Cryptopygus_antarcticus,M,6.947082767978291
31,Cryptopygus_antarcticus,N,4.450474898236092
32,Cryptopygus_antarcticus,P,3.7177747625508824
33,Cryptopygus_antarcticus,Q,1.7639077340569878
34,Cryptopygus_antarcticus,R,3.880597014925373
35,Cryptopygus_antarcticus,S,7.137042062415197
36,Cryptopygus_antarcticus,T,10.44776119402985
37,Cryptopygus_antarcticus,V,6.322930800542741
38,Cryptopygus_antarcticus,W,2.4423337856173677
39,Cryptopygus_antarcticus,Y,4.423337856173677
40,Folsomotoma_octooculata,A,4.622077215878194
41,Folsomotoma_octooculata,C,0.897226753670473
42,Folsomotoma_octooculata,D,1.7128874388254487
43,Folsomotoma_octooculata,E,2.2566612289287655
44,Folsomotoma_octooculata,F,9.407286568787384
45,Folsomotoma_octooculata,G,6.090266449157151
46,Folsomotoma_octooculata,H,1.9303969548667754
47,Folsomotoma_octooculata,I,9.869494290375204
48,Folsomotoma_octooculata,K,2.7460576400217507
49,Folsomotoma_octooculata,L,10.522022838499185
50,Folsomotoma_octooculata,M,8.64600326264274
51,Folsomotoma_octooculata,N,4.866775421424687
52,Folsomotoma_octooculata,P,3.2898314301250684
53,Folsomotoma_octooculata,Q,1.7400761283306143
54,Folsomotoma_octooculata,R,3.3713974986405653
55,Folsomotoma_octooculata,S,6.7971723762914635
56,Folsomotoma_octooculata,T,8.401305057096248
57,Folsomotoma_octooculata,V,6.1446438281674824
58,Folsomotoma_octooculata,W,2.5013594344752583
59,Folsomotoma_octooculata,Y,4.187058183795541
60,Friesea_antarctica,A,4.843918191603875
61,Friesea_antarctica,C,1.0495156081808394
62,Friesea_antarctica,D,1.6684607104413347
63,Friesea_antarctica,E,2.072120559741658
64,Friesea_antarctica,F,9.580193756727665
65,Friesea_antarctica,G,5.81270182992465
66,Friesea_antarctica,H,1.8568353067814853
67,Friesea_antarctica,I,9.768568353067815
68,Friesea_antarctica,K,2.744886975242196
69,Friesea_antarctica,L,9.714747039827772
70,Friesea_antarctica,M,6.70075349838536
71,Friesea_antarctica,N,4.870828848223897
72,Friesea_antarctica,P,3.7405812701829926
73,Friesea_antarctica,Q,1.6684607104413347
74,Friesea_antarctica,R,2.6103336921420883
75,Friesea_antarctica,S,8.799784714747041
76,Friesea_antarctica,T,10.818083961248655
77,Friesea_antarctica,V,5.435952637244349
78,Friesea_antarctica,W,2.502691065662002
79,Friesea_antarctica,Y,3.7405812701829926
80,Friesea_propria,A,5.0322927879440265
81,Friesea_propria,C,0.9418729817007535
82,Friesea_propria,D,1.6684607104413347
83,Friesea_propria,E,2.072120559741658
84,Friesea_propria,F,9.714747039827772
85,Friesea_propria,G,5.597416576964478
86,Friesea_propria,H,1.7222820236813776
87,Friesea_propria,I,9.741657696447794
88,Friesea_propria,K,2.744886975242196
89,Friesea_propria,L,9.580193756727665
90,Friesea_propria,M,6.1087190527448865
91,Friesea_propria,N,4.7900968783638325
92,Friesea_propria,P,3.552206673842842
93,Friesea_propria,Q,1.8568353067814853
94,Friesea_propria,R,3.013993541442411
95,Friesea_propria,S,8.611410118406889
96,Friesea_propria,T,10.979547900968784
97,Friesea_propria,V,5.7588805166846075
98,Friesea_propria,W,2.556512378902045
99,Friesea_propria,Y,3.9558665231431647
100,Bilobella_auriantaca,A,4.517176088720584
101,Bilobella_auriantaca,C,1.0549093859886394
102,Bilobella_auriantaca,D,1.5958885582905056
103,Bilobella_auriantaca,E,2.1639166892074657
104,Bilobella_auriantaca,F,9.304841763592101
105,Bilobella_auriantaca,G,6.140113605626183
106,Bilobella_auriantaca,H,1.8393291858263456
107,Bilobella_auriantaca,I,9.629429266973222
108,Bilobella_auriantaca,K,3.0294833648904516
109,Bilobella_auriantaca,L,9.196645929131728
110,Bilobella_auriantaca,M,6.599945902082769
111,Bilobella_auriantaca,N,4.273735461184745
112,Bilobella_auriantaca,P,3.4081687855017586
113,Bilobella_auriantaca,Q,1.5147416824452258
114,Bilobella_auriantaca,R,3.570462537192318
115,Bilobella_auriantaca,S,8.574519880984582
116,Bilobella_auriantaca,T,10.711387611576955
117,Bilobella_auriantaca,V,6.51879902623749
118,Bilobella_auriantaca,W,2.4885041925885854
119,Bilobella_auriantaca,Y,3.8680010819583446
120,Gomphiocephalus_hodgsoni,A,4.568664337543671
121,Gomphiocephalus_hodgsoni,C,0.9137328675087342
122,Gomphiocephalus_hodgsoni,D,1.719967750604676
123,Gomphiocephalus_hodgsoni,E,2.096210696049449
124,Gomphiocephalus_hodgsoni,F,9.056705186777748
125,Gomphiocephalus_hodgsoni,G,6.288632088148348
126,Gomphiocephalus_hodgsoni,H,2.042461703843053
127,Gomphiocephalus_hodgsoni,I,9.99731255038968
128,Gomphiocephalus_hodgsoni,K,2.418704649287826
129,Gomphiocephalus_hodgsoni,L,10.911045417898414
130,Gomphiocephalus_hodgsoni,M,6.6917495296963185
131,Gomphiocephalus_hodgsoni,N,4.595538833646869
132,Gomphiocephalus_hodgsoni,P,3.574307981725343
133,Gomphiocephalus_hodgsoni,Q,1.7737167428110723
134,Gomphiocephalus_hodgsoni,R,3.3593120128997582
135,Gomphiocephalus_hodgsoni,S,8.223595807578608
136,Gomphiocephalus_hodgsoni,T,9.191077667293738
137,Gomphiocephalus_hodgsoni,V,5.83176565439398
138,Gomphiocephalus_hodgsoni,W,2.6605751142166083
139,Gomphiocephalus_hodgsoni,Y,4.084923407686106
140,Podura_aquatica,A,5.64516129032258
141,Podura_aquatica,C,0.913978494623656
142,Podura_aquatica,D,1.7204301075268817
143,Podura_aquatica,E,2.258064516129032
144,Podura_aquatica,F,8.817204301075268
145,Podura_aquatica,G,6.774193548387098
146,Podura_aquatica,H,1.935483870967742
147,Podura_aquatica,I,7.822580645161291
148,Podura_aquatica,K,2.311827956989247
149,Podura_aquatica,L,7.473118279569893
150,Podura_aquatica,M,6.317204301075269
151,Podura_aquatica,N,4.516129032258064
152,Podura_aquatica,P,3.924731182795699
153,Podura_aquatica,Q,1.881720430107527
154,Podura_aquatica,R,3.198924731182796
155,Podura_aquatica,S,7.741935483870968
156,Podura_aquatica,T,12.365591397849462
157,Podura_aquatica,V,7.338709677419354
158,Podura_aquatica,W,2.446236559139785
159,Podura_aquatica,Y,4.56989247311828
160,Onychiurus_orientalis,A,4.4986449864498645
161,Onychiurus_orientalis,C,1.029810298102981
162,Onychiurus_orientalis,D,1.6531165311653118
163,Onychiurus_orientalis,E,2.1409214092140925
164,Onychiurus_orientalis,F,8.997289972899729
165,Onychiurus_orientalis,G,6.124661246612466
166,Onychiurus_orientalis,H,1.9783197831978319
167,Onychiurus_orientalis,I,9.43089430894309
168,Onychiurus_orientalis,K,2.7371273712737128
169,Onychiurus_orientalis,L,9.4579945799458
170,Onychiurus_orientalis,M,5.718157181571816
171,Onychiurus_orientalis,N,4.607046070460704
172,Onychiurus_orientalis,P,3.550135501355014
173,Onychiurus_orientalis,Q,1.8699186991869918
174,Onychiurus_orientalis,R,3.1436314363143634
175,Onychiurus_orientalis,S,8.590785907859079
176,Onychiurus_orientalis,T,11.300813008130081
177,Onychiurus_orientalis,V,6.4227642276422765
178,Onychiurus_orientalis,W,2.5474254742547426
179,Onychiurus_orientalis,Y,3.9295392953929538
180,Tetrodontophora_bielanensis,A,4.607046070460704
181,Tetrodontophora_bielanensis,C,0.8672086720867209
182,Tetrodontophora_bielanensis,D,1.5447154471544715
183,Tetrodontophora_bielanensis,E,2.0054200542005423
184,Tetrodontophora_bielanensis,F,8.536585365853659
185,Tetrodontophora_bielanensis,G,6.368563685636857
186,Tetrodontophora_bielanensis,H,1.924119241192412
187,Tetrodontophora_bielanensis,I,9.91869918699187
188,Tetrodontophora_bielanensis,K,2.5203252032520327
189,Tetrodontophora_bielanensis,L,9.89159891598916
190,Tetrodontophora_bielanensis,M,8.157181571815718
191,Tetrodontophora_bielanensis,N,4.661246612466124
192,Tetrodontophora_bielanensis,P,3.7398373983739837
193,Tetrodontophora_bielanensis,Q,1.924119241192412
194,Tetrodontophora_bielanensis,R,2.8455284552845526
195,Tetrodontophora_bielanensis,S,8.130081300813007
196,Tetrodontophora_bielanensis,T,9.59349593495935
197,Tetrodontophora_bielanensis,V,5.420054200542006
198,Tetrodontophora_bielanensis,W,2.5203252032520327
199,Tetrodontophora_bielanensis,Y,4.823848238482385
200,Orchesella_villosa,A,5.078761542639869
201,Orchesella_villosa,C,1.0863661053775122
202,Orchesella_villosa,D,1.819663226507333
203,Orchesella_villosa,E,2.254209668658338
204,Orchesella_villosa,F,9.858772406300924
205,Orchesella_villosa,G,6.05649103747963
206,Orchesella_villosa,H,1.9011406844106464
207,Orchesella_villosa,I,10.211841390548615
208,Orchesella_villosa,K,2.8788701792504074
209,Orchesella_villosa,L,9.994568169473112
210,Orchesella_villosa,M,6.5453557848995105
211,Orchesella_villosa,N,4.562737642585551
212,Orchesella_villosa,P,3.5306898424769146
213,Orchesella_villosa,Q,1.9554589896795218
214,Orchesella_villosa,R,3.476371537208039
215,Orchesella_villosa,S,7.088538837588267
216,Orchesella_villosa,T,9.64149918522542
217,Orchesella_villosa,V,5.594785442694188
218,Orchesella_villosa,W,2.2813688212927756
219,Orchesella_villosa,Y,4.182509505703422
220,Orchesella_cincta,A,5.604395604395605
221,Orchesella_cincta,C,0.9615384615384616
222,Orchesella_cincta,D,1.8406593406593408
223,Orchesella_cincta,E,2.28021978021978
224,Orchesella_cincta,F,9.642857142857144
225,Orchesella_cincta,G,6.181318681318682
226,Orchesella_cincta,H,1.9505494505494505
227,Orchesella_cincta,I,9.230769230769232
228,Orchesella_cincta,K,2.82967032967033
229,Orchesella_cincta,L,9.972527472527473
230,Orchesella_cincta,M,5.934065934065933
231,Orchesella_cincta,N,4.2032967032967035
232,Orchesella_cincta,P,3.626373626373627
233,Orchesella_cincta,Q,2.032967032967033
234,Orchesella_cincta,R,3.489010989010989
235,Orchesella_cincta,S,7.3901098901098905
236,Orchesella_cincta,T,10.10989010989011
237,Orchesella_cincta,V,6.0989010989010985
238,Orchesella_cincta,W,2.3626373626373627
239,Orchesella_cincta,Y,4.258241758241758
240,Sminthurus_viridis,A,4.115772703133298
241,Sminthurus_viridis,C,0.929368029739777
242,Sminthurus_viridis,D,1.6728624535315983
243,Sminthurus_viridis,E,2.3101433882103026
244,Sminthurus_viridis,F,9.612320764737122
245,Sminthurus_viridis,G,5.5762081784386615
246,Sminthurus_viridis,H,1.8056293149229952
247,Sminthurus_viridis,I,10.249601699415827
248,Sminthurus_viridis,K,3.0536378120021244
249,Sminthurus_viridis,L,6.107275624004249
250,Sminthurus_viridis,M,6.930430164630907
251,Sminthurus_viridis,N,4.699946893255444
252,Sminthurus_viridis,P,3.425385023898035
253,Sminthurus_viridis,Q,1.7790759426447158
254,Sminthurus_viridis,R,3.451938396176314
255,Sminthurus_viridis,S,8.682952734997345
256,Sminthurus_viridis,T,12.187997875730218
257,Sminthurus_viridis,V,6.5055762081784385
258,Sminthurus_viridis,W,2.336696760488582
259,Sminthurus_viridis,Y,4.567180031864047
