,Species,Codon,RSCU,AA
0,Cryptopygus_terranovus,ATG,0.30701754385964913,M
1,Cryptopygus_terranovus,AAA,1.6344086021505377,K
2,Cryptopygus_terranovus,TTA,1.7257142857142858,L
3,Cryptopygus_terranovus,TTT,1.728813559322034,F
4,Cryptopygus_terranovus,TCT,2.6865671641791047,S
5,Cryptopygus_terranovus,GTA,1.603864734299517,V
6,Cryptopygus_terranovus,ACT,1.8249336870026525,T
7,Cryptopygus_terranovus,TAT,1.5324675324675325,Y
8,Cryptopygus_terranovus,ATT,1.6348773841961852,I
9,Cryptopygus_terranovus,GGA,1.9464285714285714,G
10,Cryptopygus_terranovus,ATA,1.6929824561403508,M
11,Cryptopygus_terranovus,CTC,0.36074270557029176,T
12,Cryptopygus_terranovus,GCT,1.9615384615384615,A
13,Cryptopygus_terranovus,GTT,1.565217391304348,V
14,Cryptopygus_terranovus,GGG,1.1607142857142858,G
15,Cryptopygus_terranovus,CTA,1.3156498673740054,T
16,Cryptopygus_terranovus,TGG,0.3829787234042553,W
17,Cryptopygus_terranovus,AAT,1.575,N
18,Cryptopygus_terranovus,CGA,1.2262773722627738,R
19,Cryptopygus_terranovus,GAG,0.5063291139240507,E
20,Cryptopygus_terranovus,TGA,1.6170212765957446,W
21,Cryptopygus_terranovus,GAA,1.4936708860759493,E
22,Cryptopygus_terranovus,AAC,0.425,N
23,Cryptopygus_terranovus,TCA,1.6343283582089554,S
24,Cryptopygus_terranovus,ATC,0.3651226158038147,I
25,Cryptopygus_terranovus,GAT,1.4202898550724639,D
26,Cryptopygus_terranovus,AGA,3.547445255474453,R
27,Cryptopygus_terranovus,CTT,2.143236074270557,T
28,Cryptopygus_terranovus,GCC,0.7307692307692307,A
29,Cryptopygus_terranovus,ACA,1.3580901856763925,T
30,Cryptopygus_terranovus,GGC,0.19642857142857142,G
31,Cryptopygus_terranovus,GTG,0.5797101449275363,V
32,Cryptopygus_terranovus,AGT,0.7611940298507464,S
33,Cryptopygus_terranovus,CCA,1.0303030303030303,P
34,Cryptopygus_terranovus,TGT,1.6216216216216217,C
35,Cryptopygus_terranovus,CAA,1.7971014492753623,Q
36,Cryptopygus_terranovus,GGT,0.6964285714285714,G
37,Cryptopygus_terranovus,CTG,0.21220159151193635,T
38,Cryptopygus_terranovus,GCA,1.0961538461538463,A
39,Cryptopygus_terranovus,CAG,0.2028985507246377,Q
40,Cryptopygus_terranovus,TTG,0.2742857142857143,L
41,Cryptopygus_terranovus,GAC,0.5797101449275363,D
42,Cryptopygus_terranovus,CCC,1.2121212121212122,P
43,Cryptopygus_terranovus,ACC,0.636604774535809,T
44,Cryptopygus_terranovus,GTC,0.25120772946859904,V
45,Cryptopygus_terranovus,GCG,0.21153846153846154,A
46,Cryptopygus_terranovus,CAC,0.5714285714285714,H
47,Cryptopygus_terranovus,TCC,0.5373134328358209,S
48,Cryptopygus_terranovus,CAT,1.4285714285714286,H
49,Cryptopygus_terranovus,TTC,0.2711864406779661,F
50,Cryptopygus_terranovus,TGC,0.3783783783783784,C
51,Cryptopygus_terranovus,TCG,0.20149253731343283,S
52,Cryptopygus_terranovus,AAG,0.3655913978494624,K
53,Cryptopygus_terranovus,CGT,0.7883211678832117,R
54,Cryptopygus_terranovus,CCT,1.7272727272727273,P
55,Cryptopygus_terranovus,AGG,0.043795620437956206,R
56,Cryptopygus_terranovus,TAC,0.4675324675324675,Y
57,Cryptopygus_terranovus,CGG,0.17518248175182483,R
58,Cryptopygus_terranovus,ACG,0.14854111405835543,T
59,Cryptopygus_terranovus,AGC,0.17910447761194032,S
60,Cryptopygus_terranovus,CCG,0.030303030303030304,P
61,Cryptopygus_terranovus,CGC,0.21897810218978103,R
62,Cryptopygus_antarcticus,ATA,1.6875,M
63,Cryptopygus_antarcticus,ATT,1.6341463414634145,I
64,Cryptopygus_antarcticus,AAA,1.6494845360824741,K
65,Cryptopygus_antarcticus,TTA,1.7492354740061162,L
66,Cryptopygus_antarcticus,TTT,1.7167138810198301,F
67,Cryptopygus_antarcticus,TCT,2.6007604562737647,S
68,Cryptopygus_antarcticus,ACA,1.683116883116883,T
69,Cryptopygus_antarcticus,TAT,1.3987730061349692,Y
70,Cryptopygus_antarcticus,GTG,0.5493562231759657,V
71,Cryptopygus_antarcticus,GGA,1.1130434782608696,G
72,Cryptopygus_antarcticus,GTT,1.5622317596566524,V
73,Cryptopygus_antarcticus,GTA,1.613733905579399,V
74,Cryptopygus_antarcticus,CTT,1.8285714285714285,T
75,Cryptopygus_antarcticus,AGT,0.661596958174905,S
76,Cryptopygus_antarcticus,GGT,1.0434782608695652,G
77,Cryptopygus_antarcticus,ATG,0.3125,M
78,Cryptopygus_antarcticus,AGA,3.440559440559441,R
79,Cryptopygus_antarcticus,TCC,0.4334600760456274,S
80,Cryptopygus_antarcticus,TAC,0.6012269938650306,Y
81,Cryptopygus_antarcticus,GAA,1.325,E
82,Cryptopygus_antarcticus,TGA,1.4444444444444444,W
83,Cryptopygus_antarcticus,GAT,1.2424242424242424,D
84,Cryptopygus_antarcticus,GCT,1.6945812807881773,A
85,Cryptopygus_antarcticus,TCA,1.6653992395437265,S
86,Cryptopygus_antarcticus,ACT,1.516883116883117,T
87,Cryptopygus_antarcticus,TTC,0.28328611898017,F
88,Cryptopygus_antarcticus,GAG,0.675,E
89,Cryptopygus_antarcticus,CGG,0.3356643356643357,R
90,Cryptopygus_antarcticus,ATC,0.36585365853658536,I
91,Cryptopygus_antarcticus,TTG,0.25076452599388377,L
92,Cryptopygus_antarcticus,AGC,0.20532319391634984,S
93,Cryptopygus_antarcticus,CCC,0.8467153284671532,P
94,Cryptopygus_antarcticus,AAC,0.5853658536585366,N
95,Cryptopygus_antarcticus,GGG,1.5478260869565217,G
96,Cryptopygus_antarcticus,CTA,1.6,T
97,Cryptopygus_antarcticus,TGT,1.375,C
98,Cryptopygus_antarcticus,CAA,1.7538461538461538,Q
99,Cryptopygus_antarcticus,AAT,1.4146341463414633,N
100,Cryptopygus_antarcticus,GCA,0.9064039408866995,A
101,Cryptopygus_antarcticus,CGA,0.9230769230769231,R
102,Cryptopygus_antarcticus,GAC,0.7575757575757576,D
103,Cryptopygus_antarcticus,GCG,0.5123152709359606,A
104,Cryptopygus_antarcticus,TGG,0.5555555555555556,W
105,Cryptopygus_antarcticus,CAG,0.24615384615384617,Q
106,Cryptopygus_antarcticus,CCA,1.197080291970803,P
107,Cryptopygus_antarcticus,GCC,0.8866995073891626,A
108,Cryptopygus_antarcticus,CCT,1.5766423357664234,P
109,Cryptopygus_antarcticus,CAT,1.2285714285714286,H
110,Cryptopygus_antarcticus,GGC,0.2956521739130435,G
111,Cryptopygus_antarcticus,GTC,0.27467811158798283,V
112,Cryptopygus_antarcticus,ACC,0.7064935064935065,T
113,Cryptopygus_antarcticus,TGC,0.625,C
114,Cryptopygus_antarcticus,AGG,0.2097902097902098,R
115,Cryptopygus_antarcticus,CTG,0.2701298701298701,T
116,Cryptopygus_antarcticus,CGC,0.46153846153846156,R
117,Cryptopygus_antarcticus,CTC,0.2909090909090909,T
118,Cryptopygus_antarcticus,CCG,0.3795620437956204,P
119,Cryptopygus_antarcticus,AAG,0.35051546391752575,K
120,Cryptopygus_antarcticus,ACG,0.1038961038961039,T
121,Cryptopygus_antarcticus,CGT,0.6293706293706294,R
122,Cryptopygus_antarcticus,CAC,0.7714285714285715,H
123,Cryptopygus_antarcticus,TCG,0.4334600760456274,S
124,Folsomotoma_octooculata,ATA,1.6666666666666667,M
125,Folsomotoma_octooculata,GTT,1.5221238938053097,V
126,Folsomotoma_octooculata,TTT,1.7630057803468209,F
127,Folsomotoma_octooculata,AAT,1.776536312849162,N
128,Folsomotoma_octooculata,TTG,0.24289405684754523,L
129,Folsomotoma_octooculata,ATC,0.23140495867768596,I
130,Folsomotoma_octooculata,ACT,1.993527508090615,T
131,Folsomotoma_octooculata,TAT,1.5844155844155845,Y
132,Folsomotoma_octooculata,TTA,1.7571059431524547,L
133,Folsomotoma_octooculata,GGT,1.1964285714285714,G
134,Folsomotoma_octooculata,ATT,1.7685950413223142,I
135,Folsomotoma_octooculata,AGA,3.2903225806451615,R
136,Folsomotoma_octooculata,AAA,1.6237623762376239,K
137,Folsomotoma_octooculata,GGG,1.25,G
138,Folsomotoma_octooculata,GCA,1.1058823529411765,A
139,Folsomotoma_octooculata,GTG,0.7256637168141593,V
140,Folsomotoma_octooculata,GTA,1.5575221238938053,V
141,Folsomotoma_octooculata,TTC,0.23699421965317918,F
142,Folsomotoma_octooculata,GAG,0.24096385542168675,E
143,Folsomotoma_octooculata,TGA,1.8695652173913044,W
144,Folsomotoma_octooculata,GAA,1.7590361445783131,E
145,Folsomotoma_octooculata,AGT,0.8160000000000001,S
146,Folsomotoma_octooculata,TCA,1.8,S
147,Folsomotoma_octooculata,TCG,0.21600000000000003,S
148,Folsomotoma_octooculata,TCT,2.544,S
149,Folsomotoma_octooculata,ATG,0.3333333333333333,M
150,Folsomotoma_octooculata,GAT,1.3333333333333333,D
151,Folsomotoma_octooculata,GGC,0.21428571428571427,G
152,Folsomotoma_octooculata,TCC,0.504,S
153,Folsomotoma_octooculata,TAC,0.4155844155844156,Y
154,Folsomotoma_octooculata,ACC,0.7508090614886731,T
155,Folsomotoma_octooculata,AAG,0.37623762376237624,K
156,Folsomotoma_octooculata,CAT,1.380281690140845,H
157,Folsomotoma_octooculata,CGA,0.9677419354838711,R
158,Folsomotoma_octooculata,CCT,1.5537190082644627,P
159,Folsomotoma_octooculata,GGA,1.3392857142857142,G
160,Folsomotoma_octooculata,TGT,1.5151515151515151,C
161,Folsomotoma_octooculata,CAA,1.84375,Q
162,Folsomotoma_octooculata,GCT,1.7411764705882353,A
163,Folsomotoma_octooculata,GCC,0.8941176470588236,A
164,Folsomotoma_octooculata,CGT,1.1129032258064517,R
165,Folsomotoma_octooculata,AGC,0.12000000000000001,S
166,Folsomotoma_octooculata,GTC,0.19469026548672566,V
167,Folsomotoma_octooculata,ACA,1.889967637540453,T
168,Folsomotoma_octooculata,CCA,1.487603305785124,P
169,Folsomotoma_octooculata,GCG,0.25882352941176473,A
170,Folsomotoma_octooculata,CTC,0.18122977346278318,T
171,Folsomotoma_octooculata,CCG,0.2644628099173554,P
172,Folsomotoma_octooculata,CAC,0.6197183098591549,H
173,Folsomotoma_octooculata,CTA,1.7605177993527508,T
174,Folsomotoma_octooculata,TGC,0.48484848484848486,C
175,Folsomotoma_octooculata,ACG,0.20711974110032363,T
176,Folsomotoma_octooculata,CTT,1.1132686084142396,T
177,Folsomotoma_octooculata,CAG,0.15625,Q
178,Folsomotoma_octooculata,CCC,0.6942148760330579,P
179,Folsomotoma_octooculata,CGG,0.24193548387096778,R
180,Folsomotoma_octooculata,GAC,0.6666666666666666,D
181,Folsomotoma_octooculata,TGG,0.13043478260869565,W
182,Folsomotoma_octooculata,AAC,0.22346368715083798,N
183,Folsomotoma_octooculata,AGG,0.048387096774193554,R
184,Folsomotoma_octooculata,CGC,0.33870967741935487,R
185,Folsomotoma_octooculata,CTG,0.10355987055016182,T
186,Friesea_antarctica,ATA,1.6626506024096386,M
187,Friesea_antarctica,ATT,1.6694214876033058,I
188,Friesea_antarctica,TTG,0.23268698060941828,L
189,Friesea_antarctica,TTT,1.7134831460674158,F
190,Friesea_antarctica,AGT,0.8256880733944955,S
191,Friesea_antarctica,TTA,1.7673130193905817,L
192,Friesea_antarctica,AAA,1.6274509803921569,K
193,Friesea_antarctica,AAG,0.37254901960784315,K
194,Friesea_antarctica,TCT,2.458715596330275,S
195,Friesea_antarctica,TCA,1.4311926605504588,S
196,Friesea_antarctica,TTC,0.28651685393258425,F
197,Friesea_antarctica,ATG,0.3373493975903614,M
198,Friesea_antarctica,CTT,2.2487562189054726,T
199,Friesea_antarctica,GCT,2.1333333333333333,A
200,Friesea_antarctica,GGT,0.7777777777777778,G
201,Friesea_antarctica,AGA,2.830769230769231,R
202,Friesea_antarctica,GCG,0.24444444444444444,A
203,Friesea_antarctica,TAT,1.5539568345323742,Y
204,Friesea_antarctica,TGT,1.2820512820512822,C
205,Friesea_antarctica,GAT,1.4838709677419355,D
206,Friesea_antarctica,GTT,1.5643564356435644,V
207,Friesea_antarctica,GAG,0.4935064935064935,E
208,Friesea_antarctica,TGA,1.8064516129032258,W
209,Friesea_antarctica,GAA,1.5064935064935066,E
210,Friesea_antarctica,GTG,0.4158415841584158,V
211,Friesea_antarctica,GTA,1.6633663366336633,V
212,Friesea_antarctica,ACT,1.7114427860696517,T
213,Friesea_antarctica,ATC,0.3305785123966942,I
214,Friesea_antarctica,TAC,0.4460431654676259,Y
215,Friesea_antarctica,CAC,0.6666666666666666,H
216,Friesea_antarctica,GGA,2.0185185185185186,G
217,Friesea_antarctica,AAC,0.5082872928176796,N
218,Friesea_antarctica,CGA,1.7846153846153847,R
219,Friesea_antarctica,AGC,0.45871559633027525,S
220,Friesea_antarctica,CCT,2.273381294964029,P
221,Friesea_antarctica,AAT,1.4917127071823204,N
222,Friesea_antarctica,CTA,1.6517412935323383,T
223,Friesea_antarctica,GGG,0.8518518518518519,G
224,Friesea_antarctica,TCG,0.1834862385321101,S
225,Friesea_antarctica,CAA,1.7096774193548387,Q
226,Friesea_antarctica,ACA,0.8955223880597015,T
227,Friesea_antarctica,CAG,0.2903225806451613,Q
228,Friesea_antarctica,CCA,0.9784172661870504,P
229,Friesea_antarctica,GCC,0.8444444444444444,A
230,Friesea_antarctica,CCC,0.6330935251798561,P
231,Friesea_antarctica,TCC,0.6422018348623854,S
232,Friesea_antarctica,CAT,1.3333333333333333,H
233,Friesea_antarctica,GCA,0.7777777777777778,A
234,Friesea_antarctica,CGG,0.3076923076923077,R
235,Friesea_antarctica,CTC,0.3582089552238806,T
236,Friesea_antarctica,ACC,0.8756218905472637,T
237,Friesea_antarctica,ACG,0.05970149253731343,T
238,Friesea_antarctica,CTG,0.19900497512437812,T
239,Friesea_antarctica,CCG,0.11510791366906475,P
240,Friesea_antarctica,TGC,0.717948717948718,C
241,Friesea_antarctica,GGC,0.35185185185185186,G
242,Friesea_antarctica,CGT,0.8,R
243,Friesea_antarctica,TGG,0.1935483870967742,W
244,Friesea_antarctica,GTC,0.3564356435643564,V
245,Friesea_antarctica,GAC,0.5161290322580645,D
246,Friesea_antarctica,CGC,0.24615384615384617,R
247,Friesea_propria,ATA,1.7180616740088106,M
248,Friesea_propria,ATT,1.5359116022099448,I
249,Friesea_propria,ATC,0.46408839779005523,I
250,Friesea_propria,TCT,2.3062500000000004,S
251,Friesea_propria,TTA,1.7191011235955056,L
252,Friesea_propria,AAT,1.5617977528089888,N
253,Friesea_propria,AAA,1.392156862745098,K
254,Friesea_propria,CTA,1.7058823529411764,T
255,Friesea_propria,ACT,1.7843137254901962,T
256,Friesea_propria,TTT,1.7285318559556786,F
257,Friesea_propria,AGC,0.35625,S
258,Friesea_propria,TAT,1.4557823129251701,Y
259,Friesea_propria,CTG,0.19607843137254902,T
260,Friesea_propria,TTG,0.2808988764044944,L
261,Friesea_propria,GTT,1.7570093457943925,V
262,Friesea_propria,GCT,2.0320855614973263,A
263,Friesea_propria,AGT,0.8625,S
264,Friesea_propria,AAG,0.6078431372549019,K
265,Friesea_propria,TAC,0.54421768707483,Y
266,Friesea_propria,CAA,1.6521739130434783,Q
267,Friesea_propria,GAC,0.45161290322580644,D
268,Friesea_propria,GTA,1.2710280373831775,V
269,Friesea_propria,GAG,0.5194805194805194,E
270,Friesea_propria,TGA,1.6,W
271,Friesea_propria,GAA,1.4805194805194806,E
272,Friesea_propria,TCA,1.5562500000000001,S
273,Friesea_propria,ACA,1.1764705882352942,T
274,Friesea_propria,GAT,1.5483870967741935,D
275,Friesea_propria,AGA,3.2533333333333334,R
276,Friesea_propria,TCG,0.35625,S
277,Friesea_propria,GTG,0.6355140186915887,V
278,Friesea_propria,ATG,0.28193832599118945,M
279,Friesea_propria,TCC,0.5625,S
280,Friesea_propria,GTC,0.3364485981308411,V
281,Friesea_propria,CTT,1.8235294117647058,T
282,Friesea_propria,GGG,1.0384615384615385,G
283,Friesea_propria,ACC,0.7450980392156863,T
284,Friesea_propria,CGC,0.4266666666666667,R
285,Friesea_propria,CCT,1.8181818181818181,P
286,Friesea_propria,GGT,0.7307692307692307,G
287,Friesea_propria,GGA,1.8461538461538463,G
288,Friesea_propria,GCA,1.1336898395721926,A
289,Friesea_propria,GCG,0.1497326203208556,A
290,Friesea_propria,AAC,0.43820224719101125,N
291,Friesea_propria,CGT,0.8533333333333334,R
292,Friesea_propria,TGG,0.4,W
293,Friesea_propria,CAG,0.34782608695652173,Q
294,Friesea_propria,TTC,0.27146814404432135,F
295,Friesea_propria,GCC,0.6844919786096256,A
296,Friesea_propria,CCA,1.2727272727272727,P
297,Friesea_propria,CAT,1.34375,H
298,Friesea_propria,ACG,0.11764705882352941,T
299,Friesea_propria,CGA,1.2266666666666666,R
300,Friesea_propria,GGC,0.38461538461538464,G
301,Friesea_propria,TGT,1.4285714285714286,C
302,Friesea_propria,CCG,0.2727272727272727,P
303,Friesea_propria,CTC,0.45098039215686275,T
304,Friesea_propria,CCC,0.6363636363636364,P
305,Friesea_propria,TGC,0.5714285714285714,C
306,Friesea_propria,CAC,0.65625,H
307,Friesea_propria,CGG,0.21333333333333335,R
308,Bilobella_auriantaca,ATA,1.5573770491803278,M
309,Bilobella_auriantaca,GCC,0.8622754491017964,A
310,Bilobella_auriantaca,TCT,2.384858044164038,S
311,Bilobella_auriantaca,TAT,1.5104895104895104,Y
312,Bilobella_auriantaca,TTT,1.7267441860465116,F
313,Bilobella_auriantaca,TTA,1.7529411764705882,L
314,Bilobella_auriantaca,GTG,0.5145228215767634,V
315,Bilobella_auriantaca,TAC,0.48951048951048953,Y
316,Bilobella_auriantaca,AGA,3.6818181818181817,R
317,Bilobella_auriantaca,TTG,0.24705882352941178,L
318,Bilobella_auriantaca,GTT,1.6099585062240664,V
319,Bilobella_auriantaca,GTA,1.5601659751037344,V
320,Bilobella_auriantaca,ATC,0.30337078651685395,I
321,Bilobella_auriantaca,ATT,1.696629213483146,I
322,Bilobella_auriantaca,TTC,0.27325581395348836,F
323,Bilobella_auriantaca,TCA,1.6088328075709781,S
324,Bilobella_auriantaca,AAA,1.6607142857142858,K
325,Bilobella_auriantaca,GAA,1.425,E
326,Bilobella_auriantaca,TGG,0.43478260869565216,W
327,Bilobella_auriantaca,ACT,1.4747474747474747,T
328,Bilobella_auriantaca,GCT,2.035928143712575,A
329,Bilobella_auriantaca,GGA,1.6916299559471366,G
330,Bilobella_auriantaca,ACA,1.2525252525252526,T
331,Bilobella_auriantaca,GAT,1.3559322033898304,D
332,Bilobella_auriantaca,TGA,1.565217391304348,W
333,Bilobella_auriantaca,AGT,0.7570977917981073,S
334,Bilobella_auriantaca,ATG,0.4426229508196721,M
335,Bilobella_auriantaca,TCG,0.18927444794952683,S
336,Bilobella_auriantaca,CCC,0.47619047619047616,P
337,Bilobella_auriantaca,CGG,0.2727272727272727,R
338,Bilobella_auriantaca,GGT,1.1277533039647578,G
339,Bilobella_auriantaca,CTT,2.4242424242424243,T
340,Bilobella_auriantaca,CCG,0.2222222222222222,P
341,Bilobella_auriantaca,AAT,1.5443037974683544,N
342,Bilobella_auriantaca,CTA,1.6161616161616161,T
343,Bilobella_auriantaca,CAA,1.75,Q
344,Bilobella_auriantaca,AAG,0.3392857142857143,K
345,Bilobella_auriantaca,GCA,1.029940119760479,A
346,Bilobella_auriantaca,GGC,0.29955947136563876,G
347,Bilobella_auriantaca,CTG,0.10101010101010101,T
348,Bilobella_auriantaca,CGT,0.7272727272727273,R
349,Bilobella_auriantaca,GAG,0.575,E
350,Bilobella_auriantaca,ACC,0.46464646464646464,T
351,Bilobella_auriantaca,GGG,0.8810572687224669,G
352,Bilobella_auriantaca,ACG,0.12121212121212122,T
353,Bilobella_auriantaca,CCT,1.8412698412698412,P
354,Bilobella_auriantaca,CAT,1.7058823529411764,H
355,Bilobella_auriantaca,AGG,0.18181818181818182,R
356,Bilobella_auriantaca,GCG,0.0718562874251497,A
357,Bilobella_auriantaca,CAG,0.25,Q
358,Bilobella_auriantaca,CAC,0.29411764705882354,H
359,Bilobella_auriantaca,TGT,1.641025641025641,C
360,Bilobella_auriantaca,TCC,0.6813880126182966,S
361,Bilobella_auriantaca,CCA,1.4603174603174602,P
362,Bilobella_auriantaca,CGA,0.7272727272727273,R
363,Bilobella_auriantaca,AGC,0.37854889589905366,S
364,Bilobella_auriantaca,GAC,0.6440677966101694,D
365,Bilobella_auriantaca,GTC,0.3153526970954357,V
366,Bilobella_auriantaca,AAC,0.45569620253164556,N
367,Bilobella_auriantaca,CTC,0.5454545454545454,T
368,Bilobella_auriantaca,CGC,0.4090909090909091,R
369,Bilobella_auriantaca,TGC,0.358974358974359,C
370,Gomphiocephalus_hodgsoni,ATA,1.7751004016064258,M
371,Gomphiocephalus_hodgsoni,TCA,1.7450980392156863,S
372,Gomphiocephalus_hodgsoni,TAT,1.5394736842105263,Y
373,Gomphiocephalus_hodgsoni,AAA,1.6444444444444444,K
374,Gomphiocephalus_hodgsoni,AAT,1.590643274853801,N
375,Gomphiocephalus_hodgsoni,CTC,0.16374269005847952,T
376,Gomphiocephalus_hodgsoni,AGA,3.3120000000000003,R
377,Gomphiocephalus_hodgsoni,GTT,1.8248847926267282,V
378,Gomphiocephalus_hodgsoni,CCT,2.045112781954887,P
379,Gomphiocephalus_hodgsoni,TTA,1.8571428571428572,L
380,Gomphiocephalus_hodgsoni,ATT,1.7741935483870968,I
381,Gomphiocephalus_hodgsoni,CTT,1.9415204678362572,T
382,Gomphiocephalus_hodgsoni,GTA,1.6036866359447004,V
383,Gomphiocephalus_hodgsoni,AGT,0.8431372549019608,S
384,Gomphiocephalus_hodgsoni,TTT,1.7982195845697329,F
385,Gomphiocephalus_hodgsoni,TTG,0.14285714285714285,L
386,Gomphiocephalus_hodgsoni,CCC,0.39097744360902253,P
387,Gomphiocephalus_hodgsoni,ATG,0.2248995983935743,M
388,Gomphiocephalus_hodgsoni,GGG,1.0085470085470085,G
389,Gomphiocephalus_hodgsoni,CTA,1.4035087719298245,T
390,Gomphiocephalus_hodgsoni,GAT,1.53125,D
391,Gomphiocephalus_hodgsoni,ACA,1.543859649122807,T
392,Gomphiocephalus_hodgsoni,GAA,1.5897435897435896,E
393,Gomphiocephalus_hodgsoni,TGA,1.6161616161616161,W
394,Gomphiocephalus_hodgsoni,TCT,2.607843137254902,S
395,Gomphiocephalus_hodgsoni,ACT,2.502923976608187,T
396,Gomphiocephalus_hodgsoni,GGA,1.9145299145299146,G
397,Gomphiocephalus_hodgsoni,ATC,0.22580645161290322,I
398,Gomphiocephalus_hodgsoni,TCG,0.09803921568627451,S
399,Gomphiocephalus_hodgsoni,TAC,0.4605263157894737,Y
400,Gomphiocephalus_hodgsoni,GAG,0.41025641025641024,E
401,Gomphiocephalus_hodgsoni,AAC,0.4093567251461988,N
402,Gomphiocephalus_hodgsoni,CGT,1.104,R
403,Gomphiocephalus_hodgsoni,CCA,1.4736842105263157,P
404,Gomphiocephalus_hodgsoni,TGT,1.588235294117647,C
405,Gomphiocephalus_hodgsoni,CAA,1.8181818181818181,Q
406,Gomphiocephalus_hodgsoni,GCT,2.164705882352941,A
407,Gomphiocephalus_hodgsoni,GGT,0.8717948717948718,G
408,Gomphiocephalus_hodgsoni,CGA,1.1520000000000001,R
409,Gomphiocephalus_hodgsoni,GTG,0.423963133640553,V
410,Gomphiocephalus_hodgsoni,GCA,1.223529411764706,A
411,Gomphiocephalus_hodgsoni,GCC,0.49411764705882355,A
412,Gomphiocephalus_hodgsoni,ACC,0.32748538011695905,T
413,Gomphiocephalus_hodgsoni,CAT,1.6842105263157894,H
414,Gomphiocephalus_hodgsoni,TTC,0.20178041543026706,F
415,Gomphiocephalus_hodgsoni,AGC,0.27450980392156865,S
416,Gomphiocephalus_hodgsoni,GAC,0.46875,D
417,Gomphiocephalus_hodgsoni,CAG,0.18181818181818182,Q
418,Gomphiocephalus_hodgsoni,CCG,0.09022556390977443,P
419,Gomphiocephalus_hodgsoni,AAG,0.35555555555555557,K
420,Gomphiocephalus_hodgsoni,AGG,0.096,R
421,Gomphiocephalus_hodgsoni,TGG,0.3838383838383838,W
422,Gomphiocephalus_hodgsoni,GCG,0.11764705882352941,A
423,Gomphiocephalus_hodgsoni,GTC,0.14746543778801843,V
424,Gomphiocephalus_hodgsoni,TCC,0.43137254901960786,S
425,Gomphiocephalus_hodgsoni,TGC,0.4117647058823529,C
426,Gomphiocephalus_hodgsoni,GGC,0.20512820512820512,G
427,Gomphiocephalus_hodgsoni,CAC,0.3157894736842105,H
428,Gomphiocephalus_hodgsoni,CGC,0.28800000000000003,R
429,Gomphiocephalus_hodgsoni,CTG,0.0935672514619883,T
430,Gomphiocephalus_hodgsoni,CGG,0.048,R
431,Gomphiocephalus_hodgsoni,ACG,0.023391812865497075,T
432,Podura_aquatica,ATA,1.4893617021276595,M
433,Podura_aquatica,ATT,1.4845360824742269,I
434,Podura_aquatica,CAT,0.8888888888888888,H
435,Podura_aquatica,TTA,1.6546762589928057,L
436,Podura_aquatica,GTT,1.4945054945054945,V
437,Podura_aquatica,TTT,1.5,F
438,Podura_aquatica,AAT,1.2023809523809523,N
439,Podura_aquatica,AAG,0.5581395348837209,K
440,Podura_aquatica,TAC,0.8823529411764706,Y
441,Podura_aquatica,TAT,1.1176470588235294,Y
442,Podura_aquatica,AGA,3.1764705882352944,R
443,Podura_aquatica,GGG,1.873015873015873,G
444,Podura_aquatica,GTG,0.9230769230769231,V
445,Podura_aquatica,GTA,1.1575091575091576,V
446,Podura_aquatica,ATC,0.5154639175257731,I
447,Podura_aquatica,CTT,1.6,T
448,Podura_aquatica,CCT,1.6986301369863013,P
449,Podura_aquatica,CTG,0.48695652173913045,T
450,Podura_aquatica,AGT,0.9166666666666666,S
451,Podura_aquatica,ACT,1.5130434782608695,T
452,Podura_aquatica,TCT,2.4583333333333335,S
453,Podura_aquatica,GAG,0.5476190476190477,E
454,Podura_aquatica,TGA,1.6483516483516483,W
455,Podura_aquatica,TTC,0.5,F
456,Podura_aquatica,TGC,0.8235294117647058,C
457,Podura_aquatica,AGG,0.20168067226890757,R
458,Podura_aquatica,GAA,1.4523809523809523,E
459,Podura_aquatica,TTG,0.34532374100719426,L
460,Podura_aquatica,GAT,1.21875,D
461,Podura_aquatica,ATG,0.5106382978723404,M
462,Podura_aquatica,TGT,1.1764705882352942,C
463,Podura_aquatica,GCC,0.9142857142857143,A
464,Podura_aquatica,TCA,1.1875,S
465,Podura_aquatica,GCA,0.819047619047619,A
466,Podura_aquatica,CGT,0.7058823529411765,R
467,Podura_aquatica,GCT,1.8285714285714285,A
468,Podura_aquatica,CTA,1.9304347826086956,T
469,Podura_aquatica,GTC,0.4249084249084249,V
470,Podura_aquatica,AGC,0.4375,S
471,Podura_aquatica,CCA,1.1232876712328768,P
472,Podura_aquatica,TGG,0.3516483516483517,W
473,Podura_aquatica,GGT,0.7142857142857143,G
474,Podura_aquatica,CAA,1.6,Q
475,Podura_aquatica,AAA,1.441860465116279,K
476,Podura_aquatica,TCC,0.8333333333333334,S
477,Podura_aquatica,GCG,0.4380952380952381,A
478,Podura_aquatica,GGA,1.0317460317460319,G
479,Podura_aquatica,ACA,1.0260869565217392,T
480,Podura_aquatica,ACC,0.6260869565217392,T
481,Podura_aquatica,CGA,0.9075630252100841,R
482,Podura_aquatica,CAG,0.4,Q
483,Podura_aquatica,CCC,0.9863013698630136,P
484,Podura_aquatica,ACG,0.22608695652173913,T
485,Podura_aquatica,GAC,0.78125,D
486,Podura_aquatica,CAC,1.1111111111111112,H
487,Podura_aquatica,CGC,0.5042016806722689,R
488,Podura_aquatica,CTC,0.591304347826087,T
489,Podura_aquatica,GGC,0.38095238095238093,G
490,Podura_aquatica,CCG,0.1917808219178082,P
491,Podura_aquatica,AAC,0.7976190476190477,N
492,Podura_aquatica,CGG,0.5042016806722689,R
493,Podura_aquatica,TCG,0.16666666666666666,S
494,Onychiurus_orientalis,ATA,1.6208530805687205,M
495,Onychiurus_orientalis,AAA,1.5841584158415842,K
496,Onychiurus_orientalis,ATT,1.4827586206896552,I
497,Onychiurus_orientalis,TAT,1.4344827586206896,Y
498,Onychiurus_orientalis,TCT,2.430379746835443,S
499,Onychiurus_orientalis,TTA,1.5587392550143266,L
500,Onychiurus_orientalis,GTC,0.48945147679324896,V
501,Onychiurus_orientalis,CTC,0.46265060240963857,T
502,Onychiurus_orientalis,GGG,1.2743362831858407,G
503,Onychiurus_orientalis,TCC,0.8544303797468354,S
504,Onychiurus_orientalis,GGC,0.336283185840708,G
505,Onychiurus_orientalis,TTC,0.3373493975903614,F
506,Onychiurus_orientalis,AGA,3.450643776824035,R
507,Onychiurus_orientalis,CTT,1.9855421686746988,T
508,Onychiurus_orientalis,ATC,0.5172413793103449,I
509,Onychiurus_orientalis,TTG,0.44126074498567336,L
510,Onychiurus_orientalis,TGT,1.4210526315789473,C
511,Onychiurus_orientalis,ACG,0.13493975903614458,T
512,Onychiurus_orientalis,AGT,0.6645569620253164,S
513,Onychiurus_orientalis,TTT,1.6626506024096386,F
514,Onychiurus_orientalis,TGC,0.5789473684210527,C
515,Onychiurus_orientalis,CTA,1.4843373493975904,T
516,Onychiurus_orientalis,AAG,0.4158415841584158,K
517,Onychiurus_orientalis,GAG,0.5569620253164557,E
518,Onychiurus_orientalis,TGA,1.297872340425532,W
519,Onychiurus_orientalis,AAT,1.3411764705882352,N
520,Onychiurus_orientalis,GTG,0.7426160337552743,V
521,Onychiurus_orientalis,GAA,1.4430379746835442,E
522,Onychiurus_orientalis,GTA,1.3333333333333333,V
523,Onychiurus_orientalis,GCT,2.5542168674698793,A
524,Onychiurus_orientalis,GAC,0.8,D
525,Onychiurus_orientalis,TGG,0.7021276595744681,W
526,Onychiurus_orientalis,TCA,1.5,S
527,Onychiurus_orientalis,GTT,1.4345991561181435,V
528,Onychiurus_orientalis,CAC,0.4931506849315068,H
529,Onychiurus_orientalis,ACA,0.983132530120482,T
530,Onychiurus_orientalis,GGT,0.9557522123893806,G
531,Onychiurus_orientalis,CGT,1.1330472103004294,R
532,Onychiurus_orientalis,ACT,1.8506024096385543,T
533,Onychiurus_orientalis,TAC,0.5655172413793104,Y
534,Onychiurus_orientalis,CCT,2.045801526717557,P
535,Onychiurus_orientalis,CTG,0.3855421686746988,T
536,Onychiurus_orientalis,GAT,1.2,D
537,Onychiurus_orientalis,GGA,1.4336283185840708,G
538,Onychiurus_orientalis,TCG,0.2848101265822785,S
539,Onychiurus_orientalis,CAA,1.7391304347826086,Q
540,Onychiurus_orientalis,GCA,0.7469879518072289,A
541,Onychiurus_orientalis,ATG,0.3791469194312796,M
542,Onychiurus_orientalis,CGA,0.9270386266094421,R
543,Onychiurus_orientalis,GCC,0.5542168674698795,A
544,Onychiurus_orientalis,AAC,0.6588235294117647,N
545,Onychiurus_orientalis,CCG,0.183206106870229,P
546,Onychiurus_orientalis,AGC,0.2658227848101266,S
547,Onychiurus_orientalis,ACC,0.7132530120481928,T
548,Onychiurus_orientalis,CCA,1.3435114503816794,P
549,Onychiurus_orientalis,CAT,1.5068493150684932,H
550,Onychiurus_orientalis,CAG,0.2608695652173913,Q
551,Onychiurus_orientalis,CGG,0.25751072961373395,R
552,Onychiurus_orientalis,GCG,0.14457831325301204,A
553,Onychiurus_orientalis,CCC,0.42748091603053434,P
554,Onychiurus_orientalis,ACR,,T
555,Onychiurus_orientalis,CGC,0.20600858369098715,R
556,Onychiurus_orientalis,TCY,,S
557,Onychiurus_orientalis,GAY,,D
558,Onychiurus_orientalis,CTY,,T
559,Tetrodontophora_bielanensis,ATA,1.7740863787375416,M
560,Tetrodontophora_bielanensis,CAT,1.267605633802817,H
561,Tetrodontophora_bielanensis,AAT,1.4883720930232558,N
562,Tetrodontophora_bielanensis,TAT,1.4719101123595506,Y
563,Tetrodontophora_bielanensis,TTT,1.6507936507936507,F
564,Tetrodontophora_bielanensis,AAG,0.5591397849462365,K
565,Tetrodontophora_bielanensis,ATT,1.650273224043716,I
566,Tetrodontophora_bielanensis,TCT,2.16,S
567,Tetrodontophora_bielanensis,GGG,0.902127659574468,G
568,Tetrodontophora_bielanensis,TGT,1.6875,C
569,Tetrodontophora_bielanensis,TTA,1.6821917808219178,L
570,Tetrodontophora_bielanensis,AGA,2.8,R
571,Tetrodontophora_bielanensis,GTT,1.54,V
572,Tetrodontophora_bielanensis,AGC,0.14,S
573,Tetrodontophora_bielanensis,CTA,2.1920903954802258,T
574,Tetrodontophora_bielanensis,GTA,1.96,V
575,Tetrodontophora_bielanensis,GGA,1.9063829787234043,G
576,Tetrodontophora_bielanensis,AGT,0.92,S
577,Tetrodontophora_bielanensis,CTT,1.4463276836158192,T
578,Tetrodontophora_bielanensis,AAA,1.4408602150537635,K
579,Tetrodontophora_bielanensis,GAG,0.4864864864864865,E
580,Tetrodontophora_bielanensis,TGA,1.7204301075268817,W
581,Tetrodontophora_bielanensis,GAA,1.5135135135135136,E
582,Tetrodontophora_bielanensis,TAC,0.5280898876404494,Y
583,Tetrodontophora_bielanensis,GGT,1.0212765957446808,G
584,Tetrodontophora_bielanensis,TCA,1.7,S
585,Tetrodontophora_bielanensis,GTC,0.22,V
586,Tetrodontophora_bielanensis,ACT,1.92090395480226,T
587,Tetrodontophora_bielanensis,TTC,0.3492063492063492,F
588,Tetrodontophora_bielanensis,GAC,0.5614035087719298,D
589,Tetrodontophora_bielanensis,CGT,0.9142857142857143,R
590,Tetrodontophora_bielanensis,GTG,0.28,V
591,Tetrodontophora_bielanensis,TTG,0.3178082191780822,L
592,Tetrodontophora_bielanensis,CCT,1.7971014492753623,P
593,Tetrodontophora_bielanensis,TGG,0.27956989247311825,W
594,Tetrodontophora_bielanensis,GAT,1.4385964912280702,D
595,Tetrodontophora_bielanensis,CAA,1.8591549295774648,Q
596,Tetrodontophora_bielanensis,TCG,0.14,S
597,Tetrodontophora_bielanensis,GCT,2.0,A
598,Tetrodontophora_bielanensis,ACA,1.265536723163842,T
599,Tetrodontophora_bielanensis,CGA,1.2,R
600,Tetrodontophora_bielanensis,CCA,1.5942028985507246,P
601,Tetrodontophora_bielanensis,GCA,1.1294117647058823,A
602,Tetrodontophora_bielanensis,AGG,0.4,R
603,Tetrodontophora_bielanensis,ATG,0.22591362126245848,M
604,Tetrodontophora_bielanensis,CAG,0.14084507042253522,Q
605,Tetrodontophora_bielanensis,GGC,0.1702127659574468,G
606,Tetrodontophora_bielanensis,ATC,0.34972677595628415,I
607,Tetrodontophora_bielanensis,TCC,0.94,S
608,Tetrodontophora_bielanensis,AAC,0.5116279069767442,N
609,Tetrodontophora_bielanensis,CGG,0.45714285714285713,R
610,Tetrodontophora_bielanensis,GCC,0.7764705882352941,A
611,Tetrodontophora_bielanensis,ACC,0.7231638418079096,T
612,Tetrodontophora_bielanensis,CTG,0.13559322033898305,T
613,Tetrodontophora_bielanensis,CGC,0.22857142857142856,R
614,Tetrodontophora_bielanensis,CAC,0.7323943661971831,H
615,Tetrodontophora_bielanensis,ACG,0.06779661016949153,T
616,Tetrodontophora_bielanensis,CTC,0.24858757062146894,T
617,Tetrodontophora_bielanensis,CCC,0.463768115942029,P
618,Tetrodontophora_bielanensis,CCG,0.14492753623188406,P
619,Tetrodontophora_bielanensis,TGC,0.3125,C
620,Tetrodontophora_bielanensis,GCG,0.09411764705882353,A
621,Orchesella_villosa,ATA,1.5767634854771784,M
622,Orchesella_villosa,ATT,1.7180851063829787,I
623,Orchesella_villosa,AAG,0.4528301886792453,K
624,Orchesella_villosa,AGT,0.7126436781609196,S
625,Orchesella_villosa,TTG,0.32065217391304346,L
626,Orchesella_villosa,TTA,1.6793478260869565,L
627,Orchesella_villosa,AAT,1.5714285714285714,N
628,Orchesella_villosa,TTT,1.6914600550964187,F
629,Orchesella_villosa,AAA,1.5471698113207548,K
630,Orchesella_villosa,ACG,0.24788732394366197,T
631,Orchesella_villosa,TAT,1.4675324675324675,Y
632,Orchesella_villosa,GGT,1.757847533632287,G
633,Orchesella_villosa,GTG,0.5436893203883495,V
634,Orchesella_villosa,ATG,0.42323651452282157,M
635,Orchesella_villosa,TCT,2.689655172413793,S
636,Orchesella_villosa,CTT,1.6450704225352113,T
637,Orchesella_villosa,ACA,1.667605633802817,T
638,Orchesella_villosa,CAG,0.3611111111111111,Q
639,Orchesella_villosa,GGG,0.6816143497757847,G
640,Orchesella_villosa,CTA,1.667605633802817,T
641,Orchesella_villosa,GTA,1.8446601941747574,V
642,Orchesella_villosa,GTT,1.3980582524271845,V
643,Orchesella_villosa,GAG,0.5783132530120482,E
644,Orchesella_villosa,TGG,0.35714285714285715,W
645,Orchesella_villosa,TTC,0.3085399449035813,F
646,Orchesella_villosa,ACT,1.9154929577464788,T
647,Orchesella_villosa,AGA,3.140625,R
648,Orchesella_villosa,GAT,1.3134328358208955,D
649,Orchesella_villosa,TGA,1.6428571428571428,W
650,Orchesella_villosa,GGA,1.1838565022421526,G
651,Orchesella_villosa,TCA,1.5632183908045978,S
652,Orchesella_villosa,GAA,1.4216867469879517,E
653,Orchesella_villosa,CGG,0.234375,R
654,Orchesella_villosa,GTC,0.21359223300970873,V
655,Orchesella_villosa,GCG,0.25668449197860965,A
656,Orchesella_villosa,CCC,0.8615384615384616,P
657,Orchesella_villosa,GGC,0.37668161434977576,G
658,Orchesella_villosa,CTG,0.18028169014084508,T
659,Orchesella_villosa,TCC,0.2988505747126437,S
660,Orchesella_villosa,TAC,0.5324675324675324,Y
661,Orchesella_villosa,TGT,1.45,C
662,Orchesella_villosa,CAA,1.6388888888888888,Q
663,Orchesella_villosa,AAC,0.42857142857142855,N
664,Orchesella_villosa,GCT,1.9251336898395721,A
665,Orchesella_villosa,GCA,1.0481283422459893,A
666,Orchesella_villosa,CGT,0.796875,R
667,Orchesella_villosa,CCT,1.9692307692307693,P
668,Orchesella_villosa,GCC,0.7700534759358288,A
669,Orchesella_villosa,CTC,0.2704225352112676,T
670,Orchesella_villosa,CCA,0.8,P
671,Orchesella_villosa,CAT,1.1714285714285715,H
672,Orchesella_villosa,ACC,0.4056338028169014,T
673,Orchesella_villosa,CAC,0.8285714285714286,H
674,Orchesella_villosa,TGC,0.55,C
675,Orchesella_villosa,ATC,0.28191489361702127,I
676,Orchesella_villosa,CGA,1.265625,R
677,Orchesella_villosa,TCG,0.27586206896551724,S
678,Orchesella_villosa,AGC,0.45977011494252873,S
679,Orchesella_villosa,GAC,0.6865671641791045,D
680,Orchesella_villosa,CCG,0.36923076923076925,P
681,Orchesella_villosa,CGC,0.234375,R
682,Orchesella_villosa,AGG,0.328125,R
683,Orchesella_cincta,ATG,0.4074074074074074,M
684,Orchesella_cincta,CTT,1.3043478260869565,T
685,Orchesella_cincta,TTT,1.754985754985755,F
686,Orchesella_cincta,ATC,0.30952380952380953,I
687,Orchesella_cincta,TCT,2.118959107806692,S
688,Orchesella_cincta,TTA,1.7134986225895317,L
689,Orchesella_cincta,TAT,1.3290322580645162,Y
690,Orchesella_cincta,GTG,0.5945945945945946,V
691,Orchesella_cincta,TGT,1.4857142857142858,C
692,Orchesella_cincta,GTA,1.7477477477477477,V
693,Orchesella_cincta,GGT,1.048888888888889,G
694,Orchesella_cincta,ACA,1.2826086956521738,T
695,Orchesella_cincta,ACT,1.9782608695652173,T
696,Orchesella_cincta,TTC,0.245014245014245,F
697,Orchesella_cincta,AAT,1.3594771241830066,N
698,Orchesella_cincta,AAA,1.6893203883495145,K
699,Orchesella_cincta,GTT,1.4414414414414414,V
700,Orchesella_cincta,GAG,0.6265060240963856,E
701,Orchesella_cincta,TGG,0.37209302325581395,W
702,Orchesella_cincta,ATT,1.6904761904761905,I
703,Orchesella_cincta,AGA,3.3411764705882354,R
704,Orchesella_cincta,TCA,1.5390334572490707,S
705,Orchesella_cincta,ATA,1.5925925925925926,M
706,Orchesella_cincta,GAT,1.164179104477612,D
707,Orchesella_cincta,TGA,1.627906976744186,W
708,Orchesella_cincta,GGA,1.6533333333333333,G
709,Orchesella_cincta,TCG,0.3345724907063197,S
710,Orchesella_cincta,TAC,0.6709677419354839,Y
711,Orchesella_cincta,GAA,1.3734939759036144,E
712,Orchesella_cincta,GAC,0.835820895522388,D
713,Orchesella_cincta,CGT,0.8470588235294118,R
714,Orchesella_cincta,TTG,0.2865013774104683,L
715,Orchesella_cincta,AGC,0.40148698884758366,S
716,Orchesella_cincta,CCC,0.9696969696969697,P
717,Orchesella_cincta,AGT,0.8475836431226766,S
718,Orchesella_cincta,GGG,1.031111111111111,G
719,Orchesella_cincta,GGC,0.26666666666666666,G
720,Orchesella_cincta,CAA,1.4324324324324325,Q
721,Orchesella_cincta,GCT,1.9803921568627452,A
722,Orchesella_cincta,GCC,0.7647058823529411,A
723,Orchesella_cincta,CGA,1.035294117647059,R
724,Orchesella_cincta,CAG,0.5675675675675675,Q
725,Orchesella_cincta,CTA,1.891304347826087,T
726,Orchesella_cincta,CTG,0.4782608695652174,T
727,Orchesella_cincta,GCG,0.2549019607843137,A
728,Orchesella_cincta,CCG,0.3333333333333333,P
729,Orchesella_cincta,GCA,1.0,A
730,Orchesella_cincta,CCT,1.7272727272727273,P
731,Orchesella_cincta,ACC,0.5434782608695652,T
732,Orchesella_cincta,CCA,0.9696969696969697,P
733,Orchesella_cincta,GTC,0.21621621621621623,V
734,Orchesella_cincta,CAT,1.295774647887324,H
735,Orchesella_cincta,TCC,0.7583643122676581,S
736,Orchesella_cincta,CAC,0.704225352112676,H
737,Orchesella_cincta,AAG,0.3106796116504854,K
738,Orchesella_cincta,TGC,0.5142857142857142,C
739,Orchesella_cincta,CGG,0.47058823529411764,R
740,Orchesella_cincta,AAC,0.6405228758169934,N
741,Orchesella_cincta,ACG,0.1956521739130435,T
742,Orchesella_cincta,CTC,0.32608695652173914,T
743,Orchesella_cincta,CGC,0.2823529411764706,R
744,Sminthurus_viridis,ATA,1.3793103448275863,M
745,Sminthurus_viridis,ATT,1.5544041450777202,I
746,Sminthurus_viridis,TTA,1.5478260869565217,L
747,Sminthurus_viridis,TCT,2.330275229357798,S
748,Sminthurus_viridis,TGT,1.3142857142857143,C
749,Sminthurus_viridis,TAT,1.2790697674418605,Y
750,Sminthurus_viridis,CTA,1.7429193899782136,T
751,Sminthurus_viridis,AGA,2.492307692307693,R
752,Sminthurus_viridis,ATC,0.44559585492227977,I
753,Sminthurus_viridis,TTT,1.4696132596685083,F
754,Sminthurus_viridis,TCC,0.7706422018348624,S
755,Sminthurus_viridis,AGG,1.2000000000000002,R
756,Sminthurus_viridis,GGC,0.41904761904761906,G
757,Sminthurus_viridis,GCT,1.6,A
758,Sminthurus_viridis,TAC,0.7209302325581395,Y
759,Sminthurus_viridis,TGG,0.3409090909090909,W
760,Sminthurus_viridis,TTC,0.5303867403314917,F
761,Sminthurus_viridis,AAG,0.8,K
762,Sminthurus_viridis,ACT,1.2026143790849673,T
763,Sminthurus_viridis,GAA,1.0574712643678161,E
764,Sminthurus_viridis,GAG,0.9425287356321839,E
765,Sminthurus_viridis,CTC,0.4531590413943355,T
766,Sminthurus_viridis,AGT,0.6055045871559633,S
767,Sminthurus_viridis,TTG,0.45217391304347826,L
768,Sminthurus_viridis,GAT,1.2063492063492063,D
769,Sminthurus_viridis,TGA,1.6590909090909092,W
770,Sminthurus_viridis,ATG,0.6206896551724138,M
771,Sminthurus_viridis,CTT,2.2309368191721135,T
772,Sminthurus_viridis,GGG,1.4095238095238096,G
773,Sminthurus_viridis,GTA,1.453061224489796,V
774,Sminthurus_viridis,GTT,1.420408163265306,V
775,Sminthurus_viridis,AAT,1.4689265536723164,N
776,Sminthurus_viridis,TCA,1.5045871559633028,S
777,Sminthurus_viridis,GGT,0.8952380952380953,G
778,Sminthurus_viridis,GAC,0.7936507936507936,D
779,Sminthurus_viridis,AAA,1.2,K
780,Sminthurus_viridis,GCA,1.1096774193548387,A
781,Sminthurus_viridis,GCC,1.0838709677419356,A
782,Sminthurus_viridis,AGC,0.3853211009174312,S
783,Sminthurus_viridis,CCC,0.9302325581395349,P
784,Sminthurus_viridis,CTG,0.4531590413943355,T
785,Sminthurus_viridis,GTC,0.5061224489795918,V
786,Sminthurus_viridis,CAA,1.1940298507462686,Q
787,Sminthurus_viridis,AAC,0.5310734463276836,N
788,Sminthurus_viridis,ACC,0.5751633986928104,T
789,Sminthurus_viridis,TCG,0.4036697247706422,S
790,Sminthurus_viridis,CGT,0.6923076923076924,R
791,Sminthurus_viridis,CAG,0.8059701492537313,Q
792,Sminthurus_viridis,ACA,1.0806100217864925,T
793,Sminthurus_viridis,CCT,1.3333333333333333,P
794,Sminthurus_viridis,CCG,0.43410852713178294,P
795,Sminthurus_viridis,GTG,0.6204081632653061,V
796,Sminthurus_viridis,CAC,0.9411764705882353,H
797,Sminthurus_viridis,CGA,0.9692307692307693,R
798,Sminthurus_viridis,CAT,1.0588235294117647,H
799,Sminthurus_viridis,TGC,0.6857142857142857,C
800,Sminthurus_viridis,CCA,1.302325581395349,P
801,Sminthurus_viridis,ACG,0.26143790849673204,T
802,Sminthurus_viridis,GGA,1.276190476190476,G
803,Sminthurus_viridis,GCG,0.2064516129032258,A
804,Sminthurus_viridis,CGG,0.5076923076923078,R
805,Sminthurus_viridis,CGC,0.13846153846153847,R
